INSERT INTO users (user_id, email, name, password, status, role)
VALUES (1, 'widodoharyanto1954@gmail.com', 'Widodo Haryanto', '$2a$12$CEXH.PWEvgbaPyt0Fa.fruRbbRUDx1/rYhcPR/YbQik.c7unob9Su', 'active', 'admin'),
       (2, 'wongki.komaladi@gmail.com', 'Wong Ki Komaladi', '$2a$12$Q1S6smscMsTs7GmN8J8ffuud3bpbF96W6EXcvD9a4lyVy1AC8DuzG', 'inactive', 'admin'),
       (3, 'jobejoo12@gmail.com', 'Joko Bejo', '$2a$12$110puEfdNGHenf6oaAWTJuDgjEhESMegHgu4dO.6wYLQxaYvPeg9S', 'active', 'admin'),
       (4, 'budi.man32@gmail.com', 'Budi Maman', '$2a$12$LR7vMtOr7LpadkargNh2cerihShjZxHwT6gYAX.Z9aBWP00qSNnv6', 'inactive', 'staff'),
       (5, 'mujionyong@gmail.com', 'Mujiono', '$2a$12$HX0L22Ad0dNUNSRiExQLzuaLuK0v5ZLchpJaFEko7oKZ3DOmGRsGG', 'active', 'staff'),
       (6, 'ambatron99@gmail.com', 'Ambatron Ge', '$2a$12$SQrqbZQQHwtdz9QeaG0KM.bXVzCyOz2st/gXDc9FHx94GkSeEeVE.', 'active', 'staff'),
       (7, 'halyo332@gmail.com', 'Hadi Mulyono', '$2a$12$rG6F8LY9hTyxN4opQk09LO3S9HmvMDi//CcMZlV27mEMEcWJd7Pai', 'active', 'user'),
       (8, 'abatukamming387@gmail.com', 'Abatukam Ming', '$2a$12$EHnSRTc2mp9iUrDnWTh2H.ZC5r4gO3Qflfo6rnR20ZtaM8lbi3fIO', 'active', 'user'),
       (9, 'bingchilling10@gmail.com', 'Li Xin', '$2a$12$VXtKe05zhLgEcKeb9TYseeg8coIZezS6BvG2QA/Dz.0hW5HICR.Ai', 'active', 'user'),
       (10, 'harlinnukasasa12@gmail.com', 'Harlin Nuansa', '$2a$12$xLm0cuI.kp.doWe9F2bWKueMS7RfEUyk3s7jSIx7DD.SSc1wot08G', 'active', 'user'),
       (11, 'anggajoyo@gmail.com', 'Angga Joyo', '$2a$12$Gwu95mgjxTstHH2ljrXQr.hUUt9Kdr8XmERI1lbsFptRuXegp/ejq', 'active', 'user'),
       (12, 'blakutakblakutik@gmail.com', 'Ahmad Syahputro', '$2a$12$UJrMXaD4ICUiTanEJ1aW0ub96UB2VWzx7UQ0fMr9QTlnsck.5ftge', 'active', 'user'),
       (13, 'blagoba.blagobi33@gmail.com', 'Dicky Setiawan', '$2a$12$QkOSzZUqTRwcujSy1GvyuO67Tdww4nnBNnPpsOeys9Pi2nSbQQ5qK', 'inactive', 'user'),
       (14, 'tatangkentang123@gmail.com', 'Tatang Suganda', '$2a$12$lHiYyx4/AP.5KLq9GCu.O.124M.AnPVmPgN1isrIqCt/A5uXUNZUS', 'inactive', 'user'),
       (15, 'ajojing.alalala100@gmail.com', 'Nagi Kuncoro', '$2a$12$jfOATbpZhO9H.hjjH3U63OJlJR0JBxggDT1BkgPvdzeJ5V43eBd8G', 'inactive', 'user'),
       (16, 'ahmadsyakir31@gmail.com', 'Ahmad Syakir', '$2a$12$xaYK/cMttEKk2AiEehg26.r.OzFVgVAm2JpFtmHs1hbwlMjHE4feG', 'inactive', 'user'),
       (17, 'normanhmdany1943@gmail.com', 'Norman Hamdani', '$2a$12$VjbJQLahM9oIoODCU05TD.E/KKD4S8B6ajC/uhHszz5yS2IPYXENm', 'inactive', 'user'),
       (18, 'si.tikus.niani12@gmail.com', 'Siti Ratna', '$2a$12$wiTBJl9QF3XzqqSfWC05i.7Cl9RXvf8NTlFen1qqCqKzUQHxgm6yS', 'inactive', 'user'),
       (19, 'syakilalalala321@gmail.com', 'Syakila Khodijah', '$2a$12$R/fkpfR77DGRqEc24ly4xO8lwK0dy8/7SM54bpKnMY7jijpFmM7GC', 'banned', 'user'),
       (20, 'nathan.aelah39@gmail.com', 'Nathan Nael', '$2a$12$vwxc33ixZE2QwB6bS8Ohb.haMq/1Gkoopn7ECA54H2i.ZE3wY8ojW', 'banned', 'user'),
       (21, 'paijokokok@gmail.com', 'Paijo Kotaru', '$2a$12$lhJwRV1z24P7H.ZtbRfk7eOJvZro.6FQKXehc2F5AUXoR8rGlZRnG', 'active', 'staff'),
       (22, 'billymurph@gmail.com', 'Billy Murphy', '$2a$12$bBmpc1bQNerM0itNME5QeuBlGNBarrBOE9oqiT.MpyPZsh0iCUGyy', 'active', 'staff'),
       (23, 'sastroana@gmail.com', 'Anna Sastro', '$2a$12$GR6WDKH8amQfI7MibqlXwueeu9rRXTUZxSBsAKVyGImAV.uzznCDK', 'active', 'staff'),
       (24, 'srimulyani99@gmail.com', 'Sri Mulyani', '$2a$12$R9KNaSXlRFdW7f/JKIBfAOPKMfoR89JvY7a3pID2hUzJmOZ7cJ8nO', 'active', 'staff'),
       (25, 'salama.nissa231@gmail.com', 'Salmatun Annisa', '$2a$12$.ZQY4Oa6JryT/Fw1q8yAaeonbq8OzNbTU5zYE9kWzIiqch9kug3/C', 'active', 'staff'),
       (26, 'jamaludin@gmail.com', 'Jamal Udhin', '$2a$12$KgUQgtlm/J51vw41MfL/n.w44ROTXSJKPeiVocM9v/9hFI0oiK8ma', 'active', 'staff'),
       (27, 'ubay.abay12@gmail.com', 'Ahmad Ubay', '$2a$12$eNz0FBmNErBdQQjEXRAujOs.pS7s/Yt5Ib87V9PQJIwgupEF/5iVa', 'active', 'staff'),
       (28, 'hajithariq@gmail.com', 'Haji Thariq', '$2a$12$h7tujmjVygMJmuc/nsbSH.zXwweK1mX2cfy215dSqAzHVMZZGLOd.', 'active', 'user'),
       (29, 'attagludug@gmail.com', 'Atta Gludug', '$2a$12$Y2GEGI19xlT2/N3fmBNdMOfF1pkP2dfakkzfVVrR8AGaftwJdN0sW', 'active', 'user'),
       (30, 'syakira.khairunnisa12@gmail.com', 'Syakira Khairunnisa', '$2a$12$Ccd1oT3hofFxB261TDHHPeaCLsxa1lhD3k0mCBhBccQCbKsgC/AG6', 'active', 'user'),
       (31, 'kusumajaya@gmail.com', 'Kusuma Jaya', '$2a$12$UNIHtO.SY1/rWU9rOE9JSu/7v7t5DC77qhcplEmCKLAialIQnao9S', 'active', 'user'),
       (32, 'kamarudin52@gmail.com', 'Kamarudin', '$2a$12$8Dn2UgyOq0OjlkjW6hsYR.WnJL8gGfzdzq6eXosyhTqpS.YcCgMwi', 'active', 'user'),
       (33, 'joko.23anwar@gmail.com', 'Joko Anwar', '$2a$12$TrTm7dHUhVusGEfLn6PucusRjsPW8xnEn/W2x/fdhV181lgb.yiCy', 'active', 'user');

INSERT INTO user_details (user_id, province_id, regency_id, district_id, village_id, address, city_born, born_date, gender)
VALUES (1, '34', '3404', '340410', '3404102001', 'Jl. Kelinci No. 19', '3401', '1994-12-09', 'male'),
       (2, '34', '3471', '347107', '3471071001', 'Jl. Sampan No. 20', '3216', '1995-01-10', 'male'),
       (3, '34', '3471', '347113', '3471131001', 'Jl. Urip Sumoharjo No. 101', '3273', '1996-02-22', 'male'),
       (4, '34', '3401', '340101', '3401010001', 'Jl. Jendral Sudirman No. 4', '3201', '1997-03-23', 'male'),
       (5, '34', '3401', '320112', '3201121001', 'Jl. Jendral Sudirman No. 5', '3201', '1998-04-24', 'male'),
       (6, '35', '3201', '320112', '3201121001', 'Jl. Jendral Sudirman No. 6', '3201', '1999-05-25', 'male'),
       (7, '32', '3201', '320112', '3201121001', 'Jl. Jendral Sudirman No. 7', '3201', '2000-06-23', 'male'),
       (8, '32', '3201', '320112', '3201121001', 'Jl. Jendral Sudirman No. 8', '3201', '2001-07-14', 'male'),
       (9, '32', '3201', '320112', '3201121001', 'Jl. Jendral Sudirman No. 9', '3201', '2002-08-02', 'male'),
       (10, '32', '3201', '320112', '3201121001', 'Jl. Jendral Sudirman No. 10', '3201', '2003-09-12', 'female'),
       (11, '32', '3201', '320112', '3201121001', 'Jl. Jendral Sudirman No. 11', '3201', '2004-10-13', 'male'),
       (12, '32', '3201', '320112', '3201121001', 'Jl. Jendral Sudirman No. 12', '3201', '2005-11-14', 'male'),
       (13, '32', '3201', '320112', '3201121001', 'Jl. Jendral Sudirman No. 13', '3201', '2006-12-15', 'male'),
       (14, '32', '3201', '320112', '3201121001', 'Jl. Jendral Sudirman No. 14', '3201', '2007-01-16', 'male'),
       (15, '32', '3201', '320112', '3201121001', 'Jl. Jendral Sudirman No. 15', '3201', '2008-02-17', 'male'),
       (16, '32', '3201', '320112', '3201121001', 'Jl. Jendral Sudirman No. 16', '3201', '2009-03-18', 'male'),
       (17, '32', '3201', '320112', '3201121001', 'Jl. Jendral Sudirman No. 17', '3201', '2010-04-19', 'male'),
       (18, '32', '3201', '320112', '3201121001', 'Jl. Jendral Sudirman No. 18', '3201', '2011-05-20', 'female'),
       (19, '32', '3201', '320112', '3201121001', 'Jl. Jendral Sudirman No. 19', '3201', '2012-06-21', 'female'),
       (20, '32', '3201', '320112', '3201121001', 'Jl. Jendral Sudirman No. 20', '3201', '2013-07-22', 'male'),
       (21, '32', '3201', '320112', '3201121001', 'Jl. Jendral Sudirman No. 21', '3201', '2014-08-05', 'male'),
       (22, '35', '3201', '320112', '3201121001', 'Jl. Jendral Sudirman No. 22', '3201', '2015-09-06', 'male'),
       (23, '31', '3201', '320112', '3201121001', 'Jl. Jendral Sudirman No. 23', '3201', '2016-10-07', 'female'),
       (24, '31', '3201', '320112', '3201121001', 'Jl. Jendral Sudirman No. 24', '3201', '2017-11-08', 'female'),
       (25, '18', '3201', '320112', '3201121001', 'Jl. Jendral Sudirman No. 25', '3201', '2018-12-09', 'female'),
       (26, '18', '3201', '320112', '3201121001', 'Jl. Jendral Sudirman No. 26', '3201', '2019-01-10', 'male'),
       (27, '16', '3201', '320112', '3201121001', 'Jl. Jendral Sudirman No. 27', '3201', '2020-02-11', 'male'),
       (28, '16', '3201', '320112', '3201121001', 'Jl. Jendral Sudirman No. 28', '3201', '2021-03-03', 'male'),
       (29, '32', '3201', '320112', '3201121001', 'Jl. Jendral Sudirman No. 29', '3201', '2022-04-14', 'male'),
       (30, '32', '3201', '320112', '3201121001', 'Jl. Jendral Sudirman No. 30', '3201', '2023-05-22', 'female'),
       (31, '32', '3201', '320112', '3201121001', 'Jl. Jendral Sudirman No. 31', '3201', '2024-06-23', 'male'),
       (32, '32', '3201', '320112', '3201121001', 'Jl. Jendral Sudirman No. 32', '3201', '2025-07-24', 'male'),
       (33, '32', '3201', '320112', '3201121001', 'Jl. Jendral Sudirman No. 33', '3201', '2026-08-25', 'male');

INSERT INTO verifications (verification_id, user_id, code, type)
VALUES (1, 2, 'SJGE23', 'activation'),
       (2, 4, 'DQ12KT', 'activation'),
       (3, 13, '1KH3HB', 'activation'),
       (4, 11, 'TY2J7P', 'forgot_password'),
       (5, 15, 'KL1NM2', 'activation'),
       (6, 16, '22JJWK', 'activation'),
       (7, 17, '0LK8JT', 'activation'),
       (8, 8, 'QW8U2H', 'forgot_password'),
       (9, 14, 'HBY3K2', 'activation'),
       (10, 18, 'K3HY9T', 'activation');
