INSERT INTO users (user_id, email, name, password, status, role)
VALUES (1, 'widodoharyanto1954@gmail.com', 'Widodo Haryanto', '$2a$12$CEXH.PWEvgbaPyt0Fa.fruRbbRUDx1/rYhcPR/YbQik.c7unob9Su', 'active', 'admin'),
       (2, 'wongki.komaladi@gmail.com', 'Wong Ki Komaladi', '$2a$12$Q1S6smscMsTs7GmN8J8ffuud3bpbF96W6EXcvD9a4lyVy1AC8DuzG', 'inactive', 'admin'),
       (3, 'jobejoo12@gmail.com', 'Joko Bejo', '$2a$12$110puEfdNGHenf6oaAWTJuDgjEhESMegHgu4dO.6wYLQxaYvPeg9S', 'active', 'admin'),
       (4, 'budi.man32@gmail.com', 'Budi Maman', '$2a$12$LR7vMtOr7LpadkargNh2cerihShjZxHwT6gYAX.Z9aBWP00qSNnv6', 'inactive', 'staff'),
       (5, 'mujionyong@gmail.com', 'Mujiono', '$2a$12$HX0L22Ad0dNUNSRiExQLzuaLuK0v5ZLchpJaFEko7oKZ3DOmGRsGG', 'active', 'staff'),
       (6, 'ambatron99@gmail.com', 'Ambatron Ge', '$2a$12$SQrqbZQQHwtdz9QeaG0KM.bXVzCyOz2st/gXDc9FHx94GkSeEeVE.', 'active', 'staff'),
       (7, 'halyo332@gmail.com', 'Hadi Mulyono', '$2a$12$rG6F8LY9hTyxN4opQk09LO3S9HmvMDi//CcMZlV27mEMEcWJd7Pai', 'active', 'user'),
       (8, 'abatukamming387@gmail.com', 'Abatukam Ming', '$2a$12$EHnSRTc2mp9iUrDnWTh2H.ZC5r4gO3Qflfo6rnR20ZtaM8lbi3fIO', 'active', 'user'),
       (9, 'bingchilling10@gmail.com', 'Li Xin', '$2a$12$VXtKe05zhLgEcKeb9TYseeg8coIZezS6BvG2QA/Dz.0hW5HICR.Ai', 'active', 'user'),
       (10, 'harlinnukasasa12@gmail.com', 'Harlin Nuansa', '$2a$12$xLm0cuI.kp.doWe9F2bWKueMS7RfEUyk3s7jSIx7DD.SSc1wot08G', 'active', 'user'),
       (11, 'anggajoyo@gmail.com', 'Angga Joyo', '$2a$12$Gwu95mgjxTstHH2ljrXQr.hUUt9Kdr8XmERI1lbsFptRuXegp/ejq', 'active', 'user'),
       (12, 'blakutakblakutik@gmail.com', 'Ahmad Syahputro', '$2a$12$UJrMXaD4ICUiTanEJ1aW0ub96UB2VWzx7UQ0fMr9QTlnsck.5ftge', 'active', 'user'),
       (13, 'blagoba.blagobi33@gmail.com', 'Dicky Setiawan', '$2a$12$QkOSzZUqTRwcujSy1GvyuO67Tdww4nnBNnPpsOeys9Pi2nSbQQ5qK', 'inactive', 'user'),
       (14, 'tatangkentang123@gmail.com', 'Tatang Suganda', '$2a$12$lHiYyx4/AP.5KLq9GCu.O.124M.AnPVmPgN1isrIqCt/A5uXUNZUS', 'inactive', 'user'),
       (15, 'ajojing.alalala100@gmail.com', 'Nagi Kuncoro', '$2a$12$jfOATbpZhO9H.hjjH3U63OJlJR0JBxggDT1BkgPvdzeJ5V43eBd8G', 'inactive', 'user'),
       (16, 'ahmadsyakir31@gmail.com', 'Ahmad Syakir', '$2a$12$xaYK/cMttEKk2AiEehg26.r.OzFVgVAm2JpFtmHs1hbwlMjHE4feG', 'inactive', 'user'),
       (17, 'normanhmdany1943@gmail.com', 'Norman Hamdani', '$2a$12$VjbJQLahM9oIoODCU05TD.E/KKD4S8B6ajC/uhHszz5yS2IPYXENm', 'inactive', 'user'),
       (18, 'si.tikus.niani12@gmail.com', 'Siti Ratna', '$2a$12$wiTBJl9QF3XzqqSfWC05i.7Cl9RXvf8NTlFen1qqCqKzUQHxgm6yS', 'inactive', 'user'),
       (19, 'syakilalalala321@gmail.com', 'Syakila Khodijah', '$2a$12$R/fkpfR77DGRqEc24ly4xO8lwK0dy8/7SM54bpKnMY7jijpFmM7GC', 'banned', 'user'),
       (20, 'nathan.aelah39@gmail.com', 'Nathan Nael', '$2a$12$vwxc33ixZE2QwB6bS8Ohb.haMq/1Gkoopn7ECA54H2i.ZE3wY8ojW', 'banned', 'user'),
       (21, 'paijokokok@gmail.com', 'Paijo Kotaru', '$2a$12$lhJwRV1z24P7H.ZtbRfk7eOJvZro.6FQKXehc2F5AUXoR8rGlZRnG', 'active', 'staff'),
       (22, 'billymurph@gmail.com', 'Billy Murphy', '$2a$12$bBmpc1bQNerM0itNME5QeuBlGNBarrBOE9oqiT.MpyPZsh0iCUGyy', 'active', 'staff'),
       (23, 'sastroana@gmail.com', 'Anna Sastro', '$2a$12$GR6WDKH8amQfI7MibqlXwueeu9rRXTUZxSBsAKVyGImAV.uzznCDK', 'active', 'staff'),
       (24, 'srimulyani99@gmail.com', 'Sri Mulyani', '$2a$12$R9KNaSXlRFdW7f/JKIBfAOPKMfoR89JvY7a3pID2hUzJmOZ7cJ8nO', 'active', 'staff'),
       (25, 'salama.nissa231@gmail.com', 'Salmatun Annisa', '$2a$12$.ZQY4Oa6JryT/Fw1q8yAaeonbq8OzNbTU5zYE9kWzIiqch9kug3/C', 'active', 'staff'),
       (26, 'jamaludin@gmail.com', 'Jamal Udhin', '$2a$12$KgUQgtlm/J51vw41MfL/n.w44ROTXSJKPeiVocM9v/9hFI0oiK8ma', 'active', 'staff'),
       (27, 'ubay.abay12@gmail.com', 'Ahmad Ubay', '$2a$12$eNz0FBmNErBdQQjEXRAujOs.pS7s/Yt5Ib87V9PQJIwgupEF/5iVa', 'active', 'staff'),
       (28, 'hajithariq@gmail.com', 'Haji Thariq', '$2a$12$h7tujmjVygMJmuc/nsbSH.zXwweK1mX2cfy215dSqAzHVMZZGLOd.', 'active', 'user'),
       (29, 'attagludug@gmail.com', 'Atta Gludug', '$2a$12$Y2GEGI19xlT2/N3fmBNdMOfF1pkP2dfakkzfVVrR8AGaftwJdN0sW', 'active', 'user'),
       (30, 'syakira.khairunnisa12@gmail.com', 'Syakira Khairunnisa', '$2a$12$Ccd1oT3hofFxB261TDHHPeaCLsxa1lhD3k0mCBhBccQCbKsgC/AG6', 'active', 'user'),
       (31, 'kusumajaya@gmail.com', 'Kusuma Jaya', '$2a$12$UNIHtO.SY1/rWU9rOE9JSu/7v7t5DC77qhcplEmCKLAialIQnao9S', 'active', 'user'),
       (32, 'kamarudin52@gmail.com', 'Kamarudin', '$2a$12$8Dn2UgyOq0OjlkjW6hsYR.WnJL8gGfzdzq6eXosyhTqpS.YcCgMwi', 'active', 'user'),
       (33, 'joko.23anwar@gmail.com', 'Joko Anwar', '$2a$12$TrTm7dHUhVusGEfLn6PucusRjsPW8xnEn/W2x/fdhV181lgb.yiCy', 'active', 'user');

INSERT INTO user_details (user_id, province_id, regency_id, district_id, village_id, address, city_born, born_date, gender)
VALUES (1, '34', '3471', '347112', '3471121001', 'Jl. Kemuning IV No. 9', '5313', '1991-01-09', 'male'),
       (2, '34', '3402', '340209', '3402092004', 'Jl. Merpati Indah No. 16', '1209', '1987-11-17', 'male'),
       (3, '34', '3403', '340311', '3403112005',  'Jl. Rajawali IV No. 25', '8101', '1989-06-02', 'male'),
       (4, '34', '3401', '340101', '3401012007',  'Jl. Beringin Asri No. 12', '1903', '1996-11-17', 'male'),
       (5, '34', '3404', '340402', '3404022007',  'Jl. Cempaka II No. 18', '3404', '2001-10-18', 'male'),
       (6, '34', '3401', '340112', '3401122003',  'Jl. Angsana III No. 6', '3205', '1999-02-16', 'male'),
       (7, '34', '3404', '340408', '3404082003',  'Jl. Kenari IV No. 14', '3315', '2000-11-08', 'male'),
       (8, '34', '3471', '347102', '3471021002',  'Jl. Melur VI No. 11', '3323', '2004-04-30', 'male'),
       (9, '34', '3403', '340310', '3403102003',  'Jl. Sawo No. 23', '3671', '1984-08-28', 'male'),
       (10, '34', '3403', '340314', '3403142004',  'Jl. Jati VII No. 10', '1301', '1987-03-30', 'female'),
       (11, '34', '3404', '340416', '3404162002',  'Jl. Nusa Indah No. 31', '7503', '1990-06-06', 'male'),
       (12, '34', '3403', '340308', '3403082001',  'Jl. Akasia V No. 28', '3214', '2003-04-01', 'male'),
       (13, '34', '3403', '340301', '3403012010',  'Jl. Palem Permai No. 4', '1307', '1991-07-07', 'male'),
       (14, '34', '3402', '340211', '3402112005',  'Jl. Ketapang II No. 17', '1223', '1992-08-17', 'male'),
       (15, '34', '3403', '340301', '3403012006',  'Jl. Cemara I No. 21', '5204', '1985-01-28', 'male'),
       (16, '34', '3401', '340111', '3401112006',  'Jl. Seruni IV No. 13', '1216', '1983-10-11', 'male'),
       (17, '34', '3401', '340108', '3401082001',  'Jl. Kenanga II No. 26', '1505', '2002-04-21', 'male'),
       (18, '34', '3402', '340202', '3402022004',  'Jl. Melati III No. 32', '3271', '1985-04-02', 'female'),
       (19, '34', '3403', '340314', '3403142001',  'Jl. Mawar III No. 2', '9406', '2003-11-26', 'female'),
       (20, '34', '3403', '340318', '3403182005',  'Jl. Tulip No. 24', '7207', '1987-04-22', 'male'),
       (21, '34', '3401', '340104', '3401042004',  'Jl. Kamboja II No. 29', '6403', '1993-09-14', 'male'),
       (22, '34', '3402', '340216', '3402162004',  'Jl. Dahlia III No. 18', '7271', '2003-12-24', 'male'),
       (23, '34', '3403', '340314', '3403142006',  'Jl. Anggrek II No. 20', '7604', '1980-10-07', 'female'),
       (24, '34', '3401', '340107', '3401072004',  'Jl. Flamboyan III No. 9', '1108', '1991-01-20', 'female'),
       (25, '34', '3403', '340304', '3403042001',  'Jl. Kenanga VI No. 14', '1202', '2001-11-16', 'female'),
       (26, '34', '3401', '340107', '3401072003',  'Jl. Teratai II No. 27', '3571', '1983-05-23', 'male'),
       (27, '34', '3471', '347113', '3471131004',  'Jl. Bunga Matahari No. 5', '1704', '1999-05-11', 'male'),
       (28, '34', '3404', '340404', '3404042002',  'Jl. Bougenville II No. 15', '9507', '2002-12-25', 'male'),
       (29, '34', '3403', '340301', '3403012005',  'Jl. Melati I No. 8', '3522', '1988-06-21', 'male'),
       (30, '34', '3401', '340102', '3401022007',  'Jl. Seruni II No. 19', '1201', '1987-04-28', 'female'),
       (31, '34', '3471', '347113', '3471131002',  'Jl. Cemara III No. 11', '1611', '1987-04-22', 'male'),
       (32, '34', '3471', '347102', '3471021003',  'Jl. Angsana II No. 3', '1273', '1994-08-06', 'male'),
       (33, '34', '3404', '340408', '3404082004',  'Jl. Jati II No. 22', '3373', '1984-08-09', 'male');

INSERT INTO verifications (verification_id, user_id, code, type)
VALUES (1, 2, 'gjB45f1xmjWVa4uZpTk3kjNYBiRghHYk8eBqijwCG9v1UQfDeA', 'activation'),
       (2, 4, 'xwBE8jTW5Ny1YZmF2aEXRgn98u822WaWXeNeYMnYdMiScV7kHr', 'activation'),
       (3, 13, 'ZM7eN3EyFS3XRCJSb67GdR3gFaTR8tjU2C9yej7xdgw304EDFX', 'activation'),
       (4, 11, 'bPCtqptwGPHx0SHf5w0KinSumfh9JvSwxAKykfwqA0v4v1ctVH', 'forgot_password'),
       (5, 15, 'TeUd8FN7PMVUDYX11ppuifWrK84f35iMGE3PKaYeW06yH04AwN', 'activation'),
       (6, 16, 'cAwnNmpyrBXA7qKQHtpxjbUbZCaLZZPcUY3efiD0YWSVen85f0', 'activation'),
       (7, 17, 'zHT4i12x0T8X9WpuQk77KFAWh74NtuwFDXeCR3NwYmbP2UJ16v', 'activation'),
       (8, 8, 'P4z3vMHtDyam4Rr1TejSpcb1fZvR21BuZ2NG81qmmm8Tr46jXY', 'forgot_password'),
       (9, 14, '3twjEqMVU5LSbGYmhAbTWmXcaNnMaAPfcXyr3jTKkYQkN9cVkA', 'activation'),
       (10, 18, 'rZApT0VGV2ceKdJSjd9ZM2c5CwZxDhUcr9GWqLHyMuPjJS33Lp', 'activation');
